순위,영화명,개봉일,매출액,매출액 점유율,관객수,스크린수,대표국적,국적,배급사
1,택시운전사,2017-08-02,"95,853,645,649",5.5%,"12,186,327","1,906",한국,한국,(주)쇼박스
2,신과함께-죄와 벌,2017-12-20,"68,350,496,432",3.9%,"8,539,495","1,912",한국,한국,롯데쇼핑㈜롯데엔터테인먼트
3,공조,2017-01-18,"63,781,731,326",3.7%,"7,817,446",976,한국,한국,씨제이이앤엠(주)
4,스파이더맨: 홈 커밍,2017-07-05,"59,125,813,820",3.4%,"7,258,678","1,965",미국,미국,소니픽쳐스엔터테인먼트코리아주식회사극장배급지점
5,범죄도시,2017-10-03,"56,318,014,149",3.2%,"6,879,841","1,315",한국,한국,"메가박스중앙(주)플러스엠,(주)키위미디어그룹"
6,군함도,2017-07-26,"50,510,565,168",2.9%,"6,592,151","2,027",한국,한국,씨제이이앤엠(주)
7,청년경찰,2017-08-09,"44,381,150,516",2.5%,"5,653,270","1,102",한국,한국,롯데쇼핑㈜롯데엔터테인먼트
8,더 킹,2017-01-18,"43,486,078,535",2.5%,"5,316,325","1,310",한국,한국,(주)넥스트엔터테인먼트월드(NEW)
9,미녀와 야수,2017-03-16,"42,132,589,579",2.4%,"5,138,193","1,627",미국,미국,월트디즈니컴퍼니코리아 유한책임회사
10,킹스맨: 골든 서클,2017-09-27,"40,987,484,736",2.3%,"4,945,484","1,687",미국,"미국,영국",이십세기폭스코리아(주)
11,토르: 라그나로크,2017-10-25,"39,227,691,395",2.2%,"4,853,778","1,640",미국,미국,월트디즈니컴퍼니코리아 유한책임회사
12,꾼,2017-11-22,"31,312,029,795",1.8%,"4,018,035","1,314",한국,한국,(주)쇼박스
13,강철비,2017-12-14,"31,994,897,566",1.8%,"4,014,293","1,426",한국,한국,(주)넥스트엔터테인먼트월드(NEW)
14,남한산성,2017-10-03,"31,225,083,792",1.8%,"3,849,087","1,229",한국,한국,씨제이이앤엠(주)
15,미이라,2017-06-06,"30,504,689,978",1.7%,"3,689,325","1,257",미국,미국,유니버설픽쳐스인터내셔널 코리아(유)
16,분노의 질주: 더 익스트림,2017-04-12,"29,981,156,348",1.7%,"3,653,238","1,469",미국,"미국,일본,프랑스,캐나다",유니버설픽쳐스인터내셔널 코리아(유)
17,너의 이름은.,2017-01-04,"29,248,867,156",1.7%,"3,637,122",947,일본,일본,메가박스중앙(주)플러스엠
18,슈퍼배드 3,2017-07-26,"24,216,987,019",1.4%,"3,324,861","1,057",미국,미국,유니버설픽쳐스인터내셔널 코리아(유)
19,아이 캔 스피크,2017-09-21,"25,526,451,186",1.5%,"3,279,296","1,140",한국,한국,"롯데쇼핑㈜롯데엔터테인먼트,(주)리틀빅픽쳐스"
20,캐리비안의 해적: 죽은 자는 말이 없다,2017-05-24,"24,975,495,122",1.4%,"3,049,894","1,357",미국,미국,월트디즈니컴퍼니코리아 유한책임회사
21,프리즌,2017-03-23,"23,790,276,987",1.4%,"2,931,897","1,047",한국,한국,(주)쇼박스
22,덩케르크,2017-07-20,"24,550,541,348",1.4%,"2,788,732","1,252",미국,"미국,영국",워너브러더스 코리아(주)
23,가디언즈 오브 갤럭시 VOL. 2,2017-05-03,"23,452,686,686",1.3%,"2,735,721","1,218",미국,미국,월트디즈니컴퍼니코리아 유한책임회사
24,살인자의 기억법,2017-09-06,"21,375,287,492",1.2%,"2,658,589","1,064",한국,한국,(주)쇼박스
25,트랜스포머: 최후의 기사,2017-06-21,"21,501,959,228",1.2%,"2,614,601","1,739",미국,미국,롯데쇼핑㈜롯데엔터테인먼트
26,보안관,2017-05-03,"20,844,405,409",1.2%,"2,588,617","1,091",한국,한국,롯데쇼핑㈜롯데엔터테인먼트
27,조작된 도시,2017-02-09,"20,138,295,587",1.2%,"2,514,943","1,019",한국,한국,씨제이이앤엠(주)
28,보스 베이비,2017-05-03,"18,934,037,704",1.1%,"2,451,919","1,116",미국,미국,씨제이이앤엠(주)
29,재심,2017-02-15,"19,264,792,637",1.1%,"2,421,011",935,한국,한국,"오퍼스픽쳐스(유),CGV아트하우스"
30,박열,2017-06-28,"18,093,543,795",1.0%,"2,359,174","1,176",한국,한국,메가박스중앙(주)플러스엠
31,모아나,2017-01-12,"18,055,062,307",1.0%,"2,310,054",953,미국,미국,월트디즈니컴퍼니코리아 유한책임회사
32,마스터,2016-12-21,"18,283,286,800",1.0%,"2,215,221","1,501",한국,한국,씨제이이앤엠(주)
33,로건,2017-03-01,"18,391,060,223",1.1%,"2,169,109",954,미국,미국,이십세기폭스코리아(주)
34,원더 우먼,2017-05-31,"17,468,588,886",1.0%,"2,165,401","1,034",미국,미국,워너브러더스 코리아(주)
35,겟 아웃,2017-05-17,"17,431,570,075",1.0%,"2,138,146",945,미국,미국,유니버설픽쳐스인터내셔널 코리아(유)
36,혹성탈출: 종의 전쟁,2017-08-15,"16,854,482,778",1.0%,"2,051,315","1,017",미국,미국,이십세기폭스코리아(주)
37,1987,2017-12-27,"15,254,004,037",0.9%,"1,942,077","1,299",한국,한국,씨제이이앤엠(주)
38,애나벨 : 인형의 주인,2017-08-10,"15,526,858,738",0.9%,"1,934,192","1,006",미국,미국,워너브러더스 코리아(주)
39,노무현입니다,2017-05-25,"14,554,935,612",0.8%,"1,854,867",775,한국,한국,"CGV아트하우스,영화사 풀"
40,저스티스 리그,2017-11-15,"14,629,677,795",0.8%,"1,786,383","1,308",미국,미국,워너브러더스 코리아(주)
41,킬러의 보디가드,2017-08-30,"14,020,395,800",0.8%,"1,721,757",482,미국,미국,"(주)제이앤씨미디어그룹,TCO(주)더콘텐츠온"
42,콩: 스컬 아일랜드,2017-03-08,"13,990,563,383",0.8%,"1,689,717",984,미국,미국,워너브러더스 코리아(주)
43,23 아이덴티티,2017-02-22,"13,609,456,135",0.8%,"1,675,798",952,미국,미국,유니버설픽쳐스인터내셔널 코리아(유)
44,임금님의 사건수첩,2017-04-26,"12,648,793,723",0.7%,"1,634,403","1,054",한국,한국,씨제이이앤엠(주)
45,부라더,2017-11-02,"11,783,109,998",0.7%,"1,492,903",889,한국,한국,메가박스중앙(주)플러스엠
46,기억의 밤,2017-11-29,"10,646,654,660",0.6%,"1,386,611",751,한국,한국,"메가박스중앙(주)플러스엠,주식회사 키위컴퍼니"
47,해피 데스데이,2017-11-08,"11,004,455,402",0.6%,"1,382,650",714,미국,미국,유니버설픽쳐스인터내셔널 코리아(유)
48,브이아이피,2017-08-23,"10,956,621,835",0.6%,"1,373,316",996,한국,한국,워너브러더스 코리아(주)
49,특별시민,2017-04-26,"10,494,768,945",0.6%,"1,362,634","1,154",한국,한국,(주)쇼박스
50,에이리언: 커버넌트,2017-05-09,"10,745,826,264",0.6%,"1,307,226",841,미국,"미국,호주,뉴질랜드",이십세기폭스코리아(주)
51,장산범,2017-08-17,"10,341,783,083",0.6%,"1,306,438",711,한국,한국,(주)넥스트엔터테인먼트월드(NEW)
52,악녀,2017-06-08,"9,739,662,144",0.6%,"1,208,081",685,한국,한국,(주)넥스트엔터테인먼트월드(NEW)
53,해빙,2017-03-01,"9,905,406,822",0.6%,"1,204,600",915,한국,한국,롯데쇼핑㈜롯데엔터테인먼트
54,라라랜드,2016-12-07,"9,822,110,162",0.6%,"1,185,287",727,미국,미국,판씨네마(주)
55,하루,2017-06-15,"9,072,737,842",0.5%,"1,129,609",781,한국,한국,CGV아트하우스
56,지오스톰,2017-10-19,"8,480,864,614",0.5%,"1,028,384",854,미국,미국,워너브러더스 코리아(주)
57,스타워즈: 라스트 제다이,2017-12-14,"8,535,886,061",0.5%,"946,547","1,107",미국,미국,월트디즈니컴퍼니코리아 유한책임회사
58,불한당: 나쁜 놈들의 세상,2017-05-17,"7,587,004,625",0.4%,"939,535",860,한국,한국,씨제이이앤엠(주)
59,그것,2017-09-06,"7,335,022,607",0.4%,"888,836",837,미국,미국,워너브러더스 코리아(주)
60,오리엔트 특급 살인,2017-11-29,"6,636,205,163",0.4%,"863,567",707,미국,미국,이십세기폭스코리아(주)
61,대립군,2017-05-31,"6,276,963,402",0.4%,"837,500",809,한국,한국,이십세기폭스코리아(주)
62,베이비 드라이버,2017-09-14,"6,698,892,214",0.4%,"822,656",778,영국,영국,소니픽쳐스엔터테인먼트코리아주식회사극장배급지점
63,위대한 쇼맨,2017-12-20,"6,657,039,200",0.4%,"814,587",702,미국,미국,이십세기폭스코리아(주)
64,뽀로로 극장판 공룡섬 대모험,2017-12-07,"5,848,888,600",0.3%,"773,743",803,한국,한국,(주)넥스트엔터테인먼트월드(NEW)
65,레지던트 이블: 파멸의 날,2017-01-25,"6,422,202,365",0.4%,"765,259",599,미국,"미국,독일,호주,캐나다,프랑스",유니버설픽쳐스인터내셔널 코리아(유)
66,공각기동대 : 고스트 인 더 쉘,2017-03-29,"6,285,970,884",0.4%,"764,072",807,미국,미국,롯데쇼핑㈜롯데엔터테인먼트
67,트롤,2017-02-16,"5,011,161,500",0.3%,"675,966",622,미국,미국,씨제이이앤엠(주)
68,패신저스,2017-01-04,"5,467,466,918",0.3%,"668,576",608,미국,미국,유니버설픽쳐스인터내셔널 코리아(유)
69,씽,2016-12-21,"5,061,667,600",0.3%,"667,513",795,미국,미국,유니버설픽쳐스인터내셔널 코리아(유)
70,아빠는 딸,2017-04-12,"5,051,730,395",0.3%,"646,924",520,한국,한국,메가박스중앙(주)플러스엠
71,컨택트,2017-02-02,"5,214,551,521",0.3%,"634,150",605,미국,미국,유니버설픽쳐스인터내셔널 코리아(유)
72,47 미터,2017-07-19,"4,686,022,657",0.3%,"590,036",733,영국,영국,씨네그루(주)키다리이엔티
73,메리와 마녀의 꽃,2017-12-07,"4,064,280,239",0.2%,"535,331",751,일본,일본,CGV아트하우스
74,얼라이드,2017-01-11,"4,278,041,179",0.2%,"518,886",546,미국,미국,롯데쇼핑㈜롯데엔터테인먼트
75,발레리안: 천 개 행성의 도시,2017-08-30,"4,047,756,408",0.2%,"511,931",629,프랑스,프랑스,판씨네마(주)
76,그레이트 월,2017-02-15,"4,355,441,358",0.2%,"501,486",598,미국,"미국,중국",유니버설픽쳐스인터내셔널 코리아(유)
77,침묵,2017-11-02,"3,930,219,264",0.2%,"494,097",634,한국,한국,씨제이이앤엠(주)
78,카3: 새로운 도전,2017-07-13,"3,599,544,501",0.2%,"487,916",800,미국,미국,월트디즈니컴퍼니코리아 유한책임회사
79,트리플 엑스 리턴즈,2017-02-08,"3,967,335,095",0.2%,"475,309",590,미국,미국,롯데쇼핑㈜롯데엔터테인먼트
80,리얼,2017-06-28,"3,357,312,530",0.2%,"470,105",970,한국,한국,씨제이이앤엠(주)
81,너의 췌장을 먹고 싶어,2017-10-25,"3,703,660,800",0.2%,"465,265",218,일본,일본,(주)넥스트엔터테인먼트월드(NEW)
82,라이프,2017-04-05,"3,791,748,210",0.2%,"459,984",647,미국,미국,소니픽쳐스엔터테인먼트코리아주식회사극장배급지점
83,명탐정 코난:진홍의 연가,2017-08-02,"3,268,917,200",0.2%,"450,043",582,일본,일본,씨제이이앤엠(주)
84,히든 피겨스,2017-03-23,"3,580,767,033",0.2%,"449,518",448,미국,미국,이십세기폭스코리아(주)
85,반드시 잡는다,2017-11-29,"3,326,439,772",0.2%,"446,780",565,한국,한국,(주)넥스트엔터테인먼트월드(NEW)
86,원라인,2017-03-29,"3,316,504,433",0.2%,"434,777",613,한국,한국,(주)넥스트엔터테인먼트월드(NEW)
87,터닝메카드W: 블랙미러의 부활,2017-01-18,"3,213,263,000",0.2%,"429,569",570,한국,한국,씨네그루(주)키다리이엔티
88,스머프: 비밀의 숲,2017-04-28,"3,122,661,000",0.2%,"427,764",607,미국,미국,소니픽쳐스엔터테인먼트코리아주식회사극장배급지점
89,로그 원: 스타워즈 스토리,2016-12-28,"3,920,458,500",0.2%,"422,822",907,미국,미국,월트디즈니컴퍼니코리아 유한책임회사
90,킹 아서: 제왕의 검,2017-05-17,"3,373,678,655",0.2%,"415,714",588,영국,"영국,호주,미국",워너브러더스 코리아(주)
91,극장판 포켓몬스터 너로 정했다!,2017-12-21,"3,117,529,700",0.2%,"415,255",626,일본,일본,(주)이수C&E
92,넛잡 2,2017-10-03,"3,069,388,100",0.2%,"411,787",526,한국,"한국,캐나다,중국",롯데쇼핑㈜롯데엔터테인먼트
93,아메리칸 메이드,2017-09-14,"3,175,539,145",0.2%,"401,541",691,미국,미국,유니버설픽쳐스인터내셔널 코리아(유)
94,러빙 빈센트,2017-11-09,"3,061,456,861",0.2%,"384,540",272,영국,"영국,폴란드",판씨네마(주)
95,보통사람,2017-03-23,"2,956,397,623",0.2%,"383,336",621,한국,한국,오퍼스픽쳐스(유)
96,대장 김창수,2017-10-19,"2,879,121,115",0.2%,"381,483",748,한국,한국,"씨네그루(주)키다리이엔티,주식회사 키위컴퍼니"
97,눈의 여왕 3: 눈과 불의 마법대결,2017-01-04,"2,694,247,700",0.2%,"366,442",526,러시아,러시아,(주)이수C&E
98,어쌔신 크리드,2017-01-11,"2,899,784,921",0.2%,"355,913",566,미국,"미국,영국,프랑스",이십세기폭스코리아(주)
99,플립,2017-07-12,"2,818,791,900",0.2%,"354,601",249,미국,미국,(주)팝엔터테인먼트
100,석조저택 살인사건,2017-05-09,"2,825,346,886",0.2%,"353,043",539,한국,한국,씨네그루(주)키다리이엔티
101,싱글라이더,2017-02-22,"2,685,519,021",0.2%,"351,276",576,한국,한국,워너브러더스 코리아(주)
102,7호실,2017-11-15,"2,677,284,639",0.2%,"347,790",629,한국,한국,롯데쇼핑㈜롯데엔터테인먼트
103,몬스터 패밀리,2017-12-21,"2,531,182,700",0.1%,"341,614",617,독일,독일,씨네그루(주)키다리이엔티
104,내 사랑,2017-07-12,"2,457,103,625",0.1%,"336,106",233,아일랜드,"아일랜드,캐나다",오드
105,극장판 짱구는 못말려 : 습격!! 외계인 덩덩이,2017-07-20,"2,417,712,700",0.1%,"333,082",547,일본,일본,씨제이이앤엠(주)
106,사랑하기 때문에,2017-01-04,"2,538,169,440",0.1%,"324,420",542,한국,한국,(주)넥스트엔터테인먼트월드(NEW)
107,희생부활자,2017-10-12,"2,515,479,835",0.1%,"323,628",781,한국,한국,(주)쇼박스
108,옥자,2017-06-29,"2,432,883,900",0.1%,"321,550",111,미국,미국,(주)넥스트엔터테인먼트월드(NEW)
109,블레이드 러너 2049,2017-10-12,"2,764,093,365",0.2%,"321,424",664,미국,미국,소니픽쳐스엔터테인먼트코리아주식회사극장배급지점
110,빅풋 주니어,2017-08-09,"2,260,352,900",0.1%,"320,545",437,벨기에,"벨기에,프랑스",(주)이수C&E
111,존 윅 - 리로드,2017-02-22,"2,205,582,600",0.1%,"276,379",250,미국,미국,(주)제이앤씨미디어그룹
112,목소리의 형태,2017-05-09,"2,170,292,214",0.1%,"275,983",466,일본,일본,(주)디스테이션
113,판도라,2016-12-07,"2,109,062,900",0.1%,"269,781","1,166",한국,한국,(주)넥스트엔터테인먼트월드(NEW)
114,공범자들,2017-08-17,"2,035,211,800",0.1%,"260,512",228,한국,한국,(주)엣나인필름
115,미옥,2017-11-09,"1,897,705,564",0.1%,"238,587",635,한국,한국,씨네그루(주)키다리이엔티
116,어느날,2017-04-05,"1,845,841,582",0.1%,"234,681",532,한국,한국,"오퍼스픽쳐스(유),CGV아트하우스"
117,딥,2017-10-03,"1,772,272,000",0.1%,"230,068",441,스페인,스페인,(주)이수C&E
118,극장판 요괴워치: 하늘을 나는 고래와 더블세계다냥!,2017-09-27,"1,581,375,300",0.1%,"215,203",486,일본,일본,씨제이이앤엠(주)
119,어쌔신: 더 비기닝,2017-12-07,"1,593,848,000",0.1%,"205,368",528,미국,미국,(주)이수C&E
120,발레리나,2017-02-09,"1,517,736,400",0.1%,"202,411",434,프랑스,"프랑스,캐나다",판씨네마(주)
121,50가지 그림자: 심연,2017-02-09,"1,589,180,900",0.1%,"189,620",435,미국,미국,유니버설픽쳐스인터내셔널 코리아(유)
122,핵소 고지,2017-02-22,"1,342,081,900",0.1%,"177,601",442,미국,"미국,호주",판씨네마(주)
123,문라이트,2017-02-22,"1,403,639,195",0.1%,"177,483",173,미국,미국,CGV아트하우스
124,채비,2017-11-09,"1,260,467,864",0.1%,"177,428",480,한국,한국,오퍼스픽쳐스(유)
125,"나는 내일, 어제의 너와 만난다",2017-10-12,"1,344,808,900",0.1%,"175,518",206,일본,일본,(주)디스테이션
126,예수는 역사다,2017-07-13,"1,242,169,400",0.1%,"172,414",217,미국,미국,(재)CBS
127,극장판 도라에몽: 진구의 남극 꽁꽁 대모험,2017-08-10,"1,181,952,900",0.1%,"167,052",351,일본,일본,(주)넥스트엔터테인먼트월드(NEW)
128,더 큐어,2017-02-15,"1,331,883,200",0.1%,"159,948",419,미국,"미국,독일",이십세기폭스코리아(주)
129,아토믹 블론드,2017-08-30,"1,177,725,658",0.1%,"155,368",471,미국,미국,씨네그루(주)키다리이엔티
130,레고 닌자고 무비,2017-09-28,"1,149,394,400",0.1%,"154,966",459,미국,미국,워너브러더스 코리아(주)
131,비정규직 특수요원,2017-03-16,"1,150,732,700",0.1%,"149,719",497,한국,한국,"(주)이수C&E,(주)스톰픽쳐스코리아"
132,레고 배트맨 무비,2017-02-09,"1,175,424,305",0.1%,"148,760",427,미국,미국,워너브러더스 코리아(주)
133,극장판 또봇: 로봇군단의 습격,2017-04-27,"1,089,135,300",0.1%,"141,592",231,한국,한국,씨제이이앤엠(주)
134,극장판 에그엔젤 코코밍: 푸르밍과 두근두근 코코밍 세계,2017-09-07,"1,055,895,200",0.1%,"137,052",232,일본,일본,씨제이이앤엠(주)
135,로마의 휴일,2017-08-30,"993,321,176",0.1%,"134,827",436,한국,한국,메가박스중앙(주)플러스엠
136,눈길,2017-03-01,"974,025,100",0.1%,"130,119",495,한국,한국,"(주)엣나인필름,CGV아트하우스"
137,시간위의 집,2017-04-05,"1,020,724,600",0.1%,"128,975",454,한국,한국,"(주)리틀빅픽쳐스,(주)페퍼민트앤컴퍼니"
138,명탐정 코난: 에피소드 원-작아진 명탐정,2017-02-08,"999,362,100",0.1%,"128,472",215,일본,일본,씨제이이앤엠(주)
139,루돌프와 많이있어,2016-12-28,"944,763,200",0.1%,"126,483",375,일본,일본,씨제이이앤엠(주)
140,저수지 게임,2017-09-07,"984,605,100",0.1%,"125,402",289,한국,한국,(주)스마일이엔티
141,마이펫 오지,2017-02-16,"913,514,950",0.1%,"124,318",393,스페인,"스페인,캐나다",롯데쇼핑㈜롯데엔터테인먼트
142,"서서평, 천천히 평온하게",2017-04-26,"876,875,400",0.1%,"123,206",234,한국,한국,커넥트픽쳐스(주)
143,짱구는 못말려 극장판: 폭풍수면! 꿈꾸는 세계 대돌격,2017-01-25,"905,611,600",0.1%,"119,197",334,일본,일본,(주)넥스트엔터테인먼트월드(NEW)
144,파리로 가는 길,2017-08-03,"933,298,300",0.1%,"119,171",79,미국,미국,(주)티캐스트
145,킹 오브 프리즘 - 프라이드 더 히어로,2017-06-10,"981,891,500",0.1%,"119,135",92,일본,일본,(주)박수엔터테인먼트
146,극장판 소드 아트 온라인 -오디널 스케일-,2017-02-23,"897,598,000",0.1%,"117,401",124,일본,일본,(주)박수엔터테인먼트
147,여교사,2017-01-04,"947,192,460",0.1%,"116,851",393,한국,한국,필라멘트픽쳐스
148,직쏘,2017-11-02,"972,332,500",0.1%,"111,506",175,미국,미국,㈜코리아스크린
149,베이블레이드 버스트 갓 : 갓 발키리의 탄생,2017-06-01,"827,511,500",0.0%,"109,358",198,일본,일본,씨제이이앤엠(주)
150,라이언,2017-02-01,"778,355,700",0.0%,"104,218",205,호주,"호주,영국,미국",(주)이수C&E
151,더 테이블,2017-08-24,"830,762,100",0.0%,"103,054",272,한국,한국,(주)엣나인필름
152,루시드 드림,2017-02-22,"759,481,000",0.0%,"102,170",461,한국,한국,(주)넥스트엔터테인먼트월드(NEW)
153,딥워터 호라이즌,2017-01-25,"775,611,543",0.0%,"100,021",433,미국,미국,메가박스중앙(주)플러스엠
154,슈퍼 빼꼼: 스파이 대작전,2017-05-03,"711,134,900",0.0%,"99,480",358,한국,한국,메가박스중앙(주)플러스엠
155,김광석,2017-08-30,"772,483,500",0.0%,"98,231",223,한국,한국,(주)비엠컬쳐스
156,다크타워: 희망의 탑,2017-08-23,"761,759,275",0.0%,"97,017",497,미국,미국,소니픽쳐스엔터테인먼트코리아주식회사극장배급지점
157,인비저블 게스트,2017-09-21,"762,930,200",0.0%,"94,877",232,스페인,스페인,(주)더블앤조이픽쳐스
158,사일런스,2017-02-28,"700,818,300",0.0%,"94,750",342,미국,"미국,대만,멕시코",씨네그루(주)키다리이엔티
159,노 게임 노 라이프 -제로-,2017-10-19,"738,618,300",0.0%,"90,643",121,일본,일본,(주)박수엔터테인먼트
160,몬스터 콜,2017-09-14,"699,851,900",0.0%,"89,560",349,스페인,스페인,롯데쇼핑㈜롯데엔터테인먼트
161,지랄발광 17세,2017-06-28,"656,251,800",0.0%,"83,258",90,미국,미국,소니픽쳐스엔터테인먼트코리아주식회사극장배급지점
162,파도가 지나간 자리,2017-03-08,"638,371,200",0.0%,"82,717",276,미국,"미국,뉴질랜드,영국",CGV아트하우스
163,원더,2017-12-27,"632,389,700",0.0%,"81,680",183,미국,미국,CGV아트하우스
164,꼬마참새 리차드: 아프리카 원정대,2017-06-15,"599,076,600",0.0%,"81,136",319,독일,"독일,벨기에,룩셈부르크,노르웨이",씨네그루(주)키다리이엔티
165,너와 100번째 사랑,2017-05-25,"632,544,500",0.0%,"80,415",140,일본,일본,(주)디스테이션
166,드래곤 스펠: 마법 꽃의 비밀,2017-08-15,"582,071,200",0.0%,"79,446",164,독일,"독일,우크라이나",㈜코리아스크린
167,오즈: 신기한 마법가루,2017-07-20,"565,456,600",0.0%,"78,440",343,러시아,러시아,(주)스마일이엔티
168,오두막,2017-04-20,"581,005,200",0.0%,"75,657",396,미국,미국,판씨네마(주)
169,패트리어트 데이,2017-04-06,"593,983,618",0.0%,"74,827",375,미국,미국,(주)이수C&E
170,바다 탐험대 옥토넛 시즌4: 더 파이널,2017-06-01,"481,425,000",0.0%,"73,797",167,영국,영국,와이드 릴리즈(주)
171,파워레인져스: 더 비기닝,2017-04-20,"570,203,561",0.0%,"72,495",479,미국,미국,(주)넥스트엔터테인먼트월드(NEW)
172,더 서클,2017-06-22,"578,129,700",0.0%,"71,362",169,미국,미국,씨네그루(주)키다리이엔티
173,극장판 파워레인저: 애니멀포스 VS 닌자포스 미래에서 온 메시지,2017-11-09,"501,257,700",0.0%,"65,895",370,일본,일본,(주)넥스트엔터테인먼트월드(NEW)
174,포켓몬 더 무비 XY&Z 「볼케니온 : 기계왕국의 비밀」,2016-12-22,"480,445,900",0.0%,"63,372",480,일본,일본,(주)이수C&E
175,뷰티풀 투모로우,2017-10-26,"552,273,700",0.0%,"63,279",47,한국,한국,씨제이 씨지브이(CJ CGV)(주)
176,리틀 프린세스 소피아 : 신비한 섬,2017-09-28,"441,475,500",0.0%,"62,454",135,미국,미국,월트디즈니컴퍼니코리아 유한책임회사
177,극장판 쿠로코의 농구 라스트 게임,2017-04-27,"462,290,000",0.0%,"62,393",96,일본,일본,(주)박수엔터테인먼트
178,더 크리스마스,2017-12-21,"461,785,500",0.0%,"62,082",158,미국,미국,소니픽쳐스엔터테인먼트코리아주식회사극장배급지점
179,바다 탐험대 옥토넛 시즌4: 바다 괴물 대소동,2017-01-25,"404,919,500",0.0%,"60,935",145,영국,영국,와이드 릴리즈(주)
180,나의 붉은고래,2017-06-15,"445,520,500",0.0%,"58,449",390,중국,중국,(주)영화사 빅
181,밤의 해변에서 혼자,2017-03-23,"438,976,092",0.0%,"56,995",133,한국,한국,"(주)영화제작전원사 ,(주)콘텐츠판다"
182,래빗 스쿨,2017-11-23,"401,768,900",0.0%,"55,784",314,독일,독일,예지림엔터테인먼트
183,맨체스터 바이 더 씨,2017-02-15,"446,621,000",0.0%,"55,658",109,미국,미국,THE 픽쳐스
184,위시 어폰,2017-07-20,"434,148,000",0.0%,"55,110",279,미국,미국,(주)이수C&E
185,극장판 숲의 요정 페어리루 ~크리스마스의 기적: 마법의 날개~,2017-12-14,"424,665,700",0.0%,"54,988",207,일본,일본,"(주)이수C&E,(주)에이원엔터테인먼트"
186,매혹당한 사람들,2017-09-06,"412,751,500",0.0%,"54,026",395,미국,미국,유니버설픽쳐스인터내셔널 코리아(유)
187,튤립 피버,2017-12-14,"417,768,549",0.0%,"52,144",359,영국,"영국,미국",(주)팝엔터테인먼트
188,윈드 리버,2017-09-14,"391,538,700",0.0%,"50,813",330,미국,"미국,영국,캐나다",(주)유로커뮤니케이션
189,언더더씨,2017-06-22,"382,413,600",0.0%,"49,958",163,미국,미국,(주)팝엔터테인먼트
190,미스 슬로운,2017-03-29,"381,394,300",0.0%,"48,051",104,미국,"미국,프랑스",(주)메인타이틀픽쳐스
191,매기스 플랜,2017-01-25,"382,361,800",0.0%,"47,668",94,미국,미국,오드
192,잃어버린 도시 Z,2017-09-21,"362,053,440",0.0%,"47,088",398,미국,미국,(주)영화사 빅
193,심야식당 2,2017-06-08,"366,485,900",0.0%,"46,682",235,일본,일본,(주)디스테이션
194,마더!,2017-10-19,"368,306,382",0.0%,"46,677",398,미국,미국,롯데쇼핑㈜롯데엔터테인먼트
195,"그래, 가족",2017-02-15,"350,293,300",0.0%,"46,623",361,한국,한국,월트디즈니컴퍼니코리아 유한책임회사
196,리틀 프린세스 소피아: 엘레나와 비밀의 아발로 왕국,2017-04-13,"317,454,000",0.0%,"45,484",149,미국,미국,월트디즈니컴퍼니코리아 유한책임회사
197,내가 죽기 전에 가장 듣고 싶은 말,2017-07-19,"332,742,600",0.0%,"45,347",154,미국,미국,"(주)메인타이틀픽쳐스,주식회사 키위컴퍼니"
198,댄서,2017-04-13,"363,899,049",0.0%,"45,034",43,영국,"영국,러시아,우크라이나,미국",(주)엣나인필름
199,"당신, 거기 있어줄래요",2016-12-14,"362,048,400",0.0%,"43,810",767,한국,한국,롯데쇼핑㈜롯데엔터테인먼트
200,하이큐!! 재능과 센스,2017-11-15,"308,774,500",0.0%,"42,972",105,일본,일본,(주)이수C&E
201,꼬마돼지 베이브의 대모험,2017-06-15,"293,359,100",0.0%,"42,879",312,독일,독일,(주)박수엔터테인먼트
202,페이트 스테이 나이트 헤븐즈필 제1장 프레시지 플라워,2017-11-16,"338,294,000",0.0%,"42,413",172,일본,일본,(주)박수엔터테인먼트
203,예감은 틀리지 않는다,2017-08-10,"328,415,900",0.0%,"41,994",85,영국,영국,CGV아트하우스
204,"나, 다니엘 블레이크",2016-12-08,"290,372,700",0.0%,"41,248",63,영국,영국,(주)영화사 진진
205,레이디버그,2017-02-22,"310,291,500",0.0%,"41,041",172,한국,"한국,프랑스,일본",(주)삼지애니메이션
206,이모티: 더 무비,2017-08-02,"290,079,700",0.0%,"40,372",134,미국,미국,소니픽쳐스엔터테인먼트코리아주식회사극장배급지점
207,산상수훈,2017-12-07,"287,246,000",0.0%,"40,073",71,한국,한국,"이언픽쳐스,(주)그란"
208,스노든,2017-02-09,"325,020,562",0.0%,"40,040",278,프랑스,"프랑스,독일,미국",(주)리틀빅픽쳐스
209,흑집사 -북 오브 더 아틀란틱-,2017-04-13,"285,103,000",0.0%,"37,954",94,일본,일본,(주)박수엔터테인먼트
210,다시 태어나도 우리,2017-09-27,"290,883,943",0.0%,"37,364",118,한국,한국,(주)엣나인필름
211,극장판 프리파라 모두의 동경♪ 렛츠고☆프리파리,2017-12-28,"279,848,900",0.0%,"36,450",191,일본,일본,(주)박수엔터테인먼트
212,다크 하우스,2017-06-22,"295,604,100",0.0%,"36,350",278,미국,미국,"(주)스톰픽쳐스코리아,(주)디스테이션"
213,반지의 제왕 : 반지원정대 (확장판),2017-01-11,"470,027,900",0.0%,"35,758",74,뉴질랜드,"뉴질랜드,미국",(주)디스테이션
214,잠깐만 회사 좀 관두고 올게,2017-10-19,"279,455,400",0.0%,"35,429",271,일본,일본,(주)이수C&E
215,엘르,2017-06-15,"279,049,100",0.0%,"35,368",56,프랑스,"프랑스,독일,벨기에",소니픽쳐스엔터테인먼트코리아주식회사극장배급지점
216,우리의 20세기,2017-09-27,"287,148,600",0.0%,"35,296",98,미국,미국,그린나래미디어(주)
217,키코리키: 황금모자의 비밀,2017-01-25,"248,074,100",0.0%,"35,111",211,러시아,러시아,(주)영화사 빅
218,피터와 모글리의 크리스마스 어드벤처,2017-11-23,"241,351,800",0.0%,"34,899",250,인도,인도,(주)팝엔터테인먼트
219,어메이징 메리,2017-10-04,"279,960,500",0.0%,"34,777",61,미국,미국,이십세기폭스코리아(주)
220,녹터널 애니멀스,2017-01-11,"284,555,179",0.0%,"34,616",219,미국,미국,유니버설픽쳐스인터내셔널 코리아(유)
221,파운더,2017-04-20,"275,304,900",0.0%,"34,593",288,미국,미국,CGV아트하우스
222,7번째 내가 죽던 날,2017-05-31,"261,785,400",0.0%,"34,502",230,미국,미국,씨네그루(주)키다리이엔티
223,더 플랜,2017-04-20,"263,526,895",0.0%,"34,225",156,한국,한국,(주)엣나인필름
224,극장판 위 베어 베어스: 곰 브라더스,2017-08-24,"230,410,600",0.0%,"32,021",307,미국,미국,(주)팝엔터테인먼트
225,루터,2017-10-18,"219,196,300",0.0%,"31,314",94,독일,독일,THE 픽쳐스
226,나는 부정한다,2017-04-26,"250,925,125",0.0%,"31,172",104,영국,"영국,미국",(주)티캐스트
227,단지 세상의 끝,2017-01-18,"242,177,173",0.0%,"30,793",124,캐나다,"캐나다,프랑스",(주)엣나인필름
228,"좋아해, 너를",2017-09-14,"265,102,800",0.0%,"30,714",101,일본,일본,(주)디오시네마
229,리빙보이 인 뉴욕,2017-11-09,"248,619,800",0.0%,"30,379",158,미국,미국,주식회사 더쿱
230,반지의 제왕 : 왕의 귀환 (확장판),2017-01-25,"370,268,000",0.0%,"30,349",56,뉴질랜드,"뉴질랜드,미국",(주)디스테이션
231,"나의 사랑, 그리스",2017-04-20,"241,875,000",0.0%,"30,181",123,그리스,그리스,(주)팝엔터테인먼트
232,역모-반란의 시대,2017-11-23,"218,173,300",0.0%,"30,116",355,한국,한국,(주)스톰픽쳐스코리아
233,너브,2017-01-11,"239,275,800",0.0%,"29,441",151,미국,미국,(주)박수엔터테인먼트
234,세 번째 살인,2017-12-14,"240,395,200",0.0%,"29,361",119,일본,일본,(주)티캐스트
235,패터슨,2017-12-21,"237,836,300",0.0%,"29,277",62,프랑스,"프랑스,독일,미국",그린나래미디어(주)
236,걸 온 더 트레인,2017-03-09,"222,516,500",0.0%,"29,190",331,미국,미국,씨제이이앤엠(주)
237,분노,2017-03-30,"232,610,537",0.0%,"28,822",99,일본,일본,메가박스중앙(주)플러스엠
238,매직울프,2017-10-03,"223,786,500",0.0%,"28,742",168,러시아,러시아,(주)박수엔터테인먼트
239,데스노트: 더 뉴 월드,2017-03-29,"220,886,363",0.0%,"28,723",309,일본,일본,(주)디스테이션
240,마리안느와 마가렛,2017-04-20,"198,613,400",0.0%,"28,399",64,한국,한국,(주)팝엔터테인먼트
241,극장판 암살교실 : 365일의 시간,2017-03-23,"210,398,500",0.0%,"28,364",98,일본,일본,(주)박수엔터테인먼트
242,스페이스 비트윈 어스,2017-03-16,"215,291,361",0.0%,"28,085",370,미국,미국,씨네그루(주)키다리이엔티
243,키드냅,2017-11-22,"214,871,800",0.0%,"27,854",167,미국,미국,(주)제이앤씨미디어그룹
244,반지의 제왕 : 두개의 탑 (확장판),2017-01-18,"350,183,800",0.0%,"27,440",58,뉴질랜드,"뉴질랜드,미국",(주)디스테이션
245,내게 남은 사랑을,2017-11-02,"180,693,600",0.0%,"27,414",156,한국,한국,(주)비엠컬쳐스
246,로스트 인 파리,2017-05-18,"215,575,038",0.0%,"27,203",85,프랑스,"프랑스,벨기에",그린나래미디어(주)
247,지니어스,2017-04-13,"209,372,437",0.0%,"27,167",172,영국,"영국,미국",(주)라이크 콘텐츠
248,재키,2017-01-25,"209,835,243",0.0%,"26,758",97,칠레,"칠레,프랑스,미국",그린나래미디어(주)
249,몬스터 섬의 비밀,2017-09-07,"184,568,800",0.0%,"26,739",150,멕시코,멕시코,(주)박수엔터테인먼트
250,아기돼지 3형제와 매직램프,2017-03-23,"208,444,600",0.0%,"26,670",135,중국,중국,(주)팝엔터테인먼트
251,메소드,2017-11-02,"215,611,800",0.0%,"26,577",244,한국,한국,(주)엣나인필름
252,배저로와 친구들: 신비한 모험,2017-10-26,"177,884,400",0.0%,"26,185",293,노르웨이,노르웨이,와이드 릴리즈(주)
253,슈퍼 버드,2017-04-06,"183,154,100",0.0%,"25,964",288,멕시코,멕시코,와이드 릴리즈(주)
254,부니베어: 로거빅 컴백홈 프로젝트,2017-06-29,"177,914,300",0.0%,"25,903",277,중국,중국,예지림엔터테인먼트
255,골드,2017-03-22,"195,316,900",0.0%,"25,612",200,미국,미국,CGV아트하우스
256,사다코 대 카야코,2017-01-04,"201,673,000",0.0%,"25,531",131,일본,일본,유니버설픽쳐스인터내셔널 코리아(유)
257,에곤 쉴레: 욕망이 그린 그림,2016-12-22,"205,010,000",0.0%,"25,457",50,오스트리아,"오스트리아 ,룩셈부르크",(주)티캐스트
258,언노운 걸,2017-05-03,"198,839,700",0.0%,"24,785",67,벨기에,"벨기에,프랑스",오드
259,"내 어깨 위 고양이, 밥",2017-01-04,"193,578,000",0.0%,"24,466",112,영국,영국,(주)누리픽쳐스
260,"안녕, 나의 소울메이트",2017-12-07,"191,541,500",0.0%,"24,381",165,홍콩,홍콩,(주)나이너스엔터테인먼트
261,슈퍼오리 : 태양을 지켜라,2017-08-31,"170,800,400",0.0%,"24,319",257,러시아,러시아,와이드 릴리즈(주)
262,꿈의 제인,2017-05-31,"198,890,200",0.0%,"24,272",86,한국,한국,"(주)엣나인필름,CGV아트하우스"
263,언프렌드,2017-02-09,"187,802,900",0.0%,"23,688",179,독일,독일,(주)크리픽쳐스
264,파워배틀 와치카: 와치가면의 역습,2017-06-01,"165,837,000",0.0%,"23,511",246,한국,한국,(주)삼지애니메이션
265,제인 도,2017-08-23,"183,431,765",0.0%,"23,467",110,영국,"영국,미국",오퍼스픽쳐스(유)
266,토마스와 친구들: 수수께끼 해적선과 보물찾기,2017-06-29,"155,824,700",0.0%,"23,395",145,영국,영국,KBS 미디어
267,아우토반,2017-03-22,"183,681,500",0.0%,"23,338",153,영국,"영국,독일",와이드 릴리즈(주)
268,레이디 맥베스,2017-08-03,"181,719,800",0.0%,"23,333",53,영국,영국,주식회사 씨네룩스
269,유리정원,2017-10-25,"160,437,700",0.0%,"22,752",332,한국,한국,(주)리틀빅픽쳐스
270,스테이션 7,2017-12-07,"169,220,100",0.0%,"22,536",239,러시아,러시아,(주)영화사 진진
271,송 투 송,2017-07-26,"172,525,100",0.0%,"22,518",97,미국,미국,CGV아트하우스
272,행복 목욕탕,2017-03-23,"168,599,600",0.0%,"21,797",103,일본,일본,(주)디스테이션
273,프란츠,2017-07-20,"150,974,100",0.0%,"20,760",47,프랑스,프랑스,찬란
274,빌리 진 킹: 세기의 대결,2017-11-16,"158,890,000",0.0%,"20,018",135,미국,"미국,영국",이십세기폭스코리아(주)
275,극장판 어드벤처 타임: 비밀의 아일랜드,2017-04-13,"163,679,600",0.0%,"19,986",125,미국,미국,(주)팝엔터테인먼트
276,아이 앰 히스 레저,2017-10-19,"158,340,439",0.0%,"19,771",139,캐나다,캐나다,오드
277,뚜르: 내 생애 최고의 49일,2017-02-01,"141,574,700",0.0%,"19,440",227,한국,한국,(주)리틀빅픽쳐스
278,부니베어: 나무 도둑의 습격,2017-09-14,"129,228,400",0.0%,"19,267",245,중국,중국,예지림엔터테인먼트
279,슬립리스: 크리미널 나이트,2017-03-08,"146,025,800",0.0%,"18,740",158,미국,미국,(주)미디어로그
280,그 후,2017-07-06,"142,319,508",0.0%,"18,648",168,한국,한국,"(주)영화제작전원사 ,(주)콘텐츠판다"
281,오즈의 마법사 2,2017-05-03,"143,173,700",0.0%,"18,535",142,멕시코,멕시코,㈜코리아스크린
282,은혼,2017-12-07,"148,853,500",0.0%,"18,323",137,일본,일본,(주)라이크 콘텐츠
283,신서유기 : 몽키킹의 부활,2017-11-02,"129,357,400",0.0%,"18,247",212,중국,중국,예지림엔터테인먼트
284,인카네이트,2017-05-25,"142,090,200",0.0%,"18,028",229,미국,미국,판씨네마(주)
285,배드 지니어스,2017-11-02,"141,276,336",0.0%,"17,941",200,태국,태국,(주)팝엔터테인먼트
286,"괜찮아요, 미스터 브래드",2017-09-21,"134,945,900",0.0%,"17,691",135,미국,미국,"(주)영화사 진진,(주)누리픽쳐스"
287,길,2017-05-11,"76,854,600",0.0%,"17,222",54,한국,한국,(주)더블앤조이픽쳐스
288,여배우는 오늘도,2017-09-14,"138,754,300",0.0%,"16,864",46,한국,한국,(주)메타플레이
289,매직키드 보보,2017-03-01,"124,253,200",0.0%,"16,601",219,말레이시아,말레이시아,(주)박수엔터테인먼트
290,7년-그들이 없는 언론,2017-01-12,"129,175,200",0.0%,"16,577",105,한국,한국,(주)인디플러그
291,하이큐!! 승자와 패자,2016-12-28,"118,605,000",0.0%,"16,515",103,일본,일본,"(주)이수C&E,(주)팝엔터테인먼트"
292,빅 배드 폭스,2017-11-30,"120,614,100",0.0%,"16,340",219,프랑스,프랑스,(주)스마일이엔티
293,링스,2017-04-06,"136,520,300",0.0%,"16,336",123,미국,미국,(주)다자인소프트
294,스파이 게임,2017-09-14,"122,840,172",0.0%,"15,986",203,영국,영국,메가박스중앙(주)플러스엠
295,십계: 구원의 길,2017-04-13,"104,079,500",0.0%,"15,974",97,브라질,브라질,씨네그루(주)키다리이엔티
296,호비와 무지개 오아시스 대모험,2017-09-07,"108,724,000",0.0%,"15,629",103,일본,일본,(주)머스트씨무비릴리징컴퍼니
297,로즈,2017-04-12,"113,253,541",0.0%,"14,955",125,아일랜드,아일랜드,(주)박수엔터테인먼트
298,콜로설,2017-04-20,"114,967,100",0.0%,"14,687",305,캐나다,"캐나다,스페인",(주)드림팩트엔터테인먼트
299,"귀향, 끝나지 않은 이야기",2017-09-14,"105,487,200",0.0%,"14,490",207,한국,한국,커넥트픽쳐스(주)
300,개구리왕국 2,2017-03-23,"99,741,700",0.0%,"14,236",171,중국,중국,예지림엔터테인먼트
